UnitID,Institution Name,Grand total (EF2016A  All students  Undergraduate total),American Indian or Alaska Native total (EF2016A  All students  Undergraduate total),Asian total (EF2016A  All students  Undergraduate total),Black or African American total (EF2016A  All students  Undergraduate total),Hispanic total (EF2016A  All students  Undergraduate total),Native Hawaiian or Other Pacific Islander total (EF2016A  All students  Undergraduate total),White total (EF2016A  All students  Undergraduate total),Two or more races total (EF2016A  All students  Undergraduate total),Race/ethnicity unknown total (EF2016A  All students  Undergraduate total),Nonresident alien total (EF2016A  All students  Undergraduate total),Grand total (EF2016A  All students  Undergraduate  Degree/certificate-seeking  First-time),American Indian or Alaska Native total (EF2016A  All students  Undergraduate  Degree/certificate-seeking  First-time),Asian total (EF2016A  All students  Undergraduate  Degree/certificate-seeking  First-time),Black or African American total (EF2016A  All students  Undergraduate  Degree/certificate-seeking  First-time),Hispanic total (EF2016A  All students  Undergraduate  Degree/certificate-seeking  First-time),Native Hawaiian or Other Pacific Islander total (EF2016A  All students  Undergraduate  Degree/certificate-seeking  First-time),White total (EF2016A  All students  Undergraduate  Degree/certificate-seeking  First-time),Two or more races total (EF2016A  All students  Undergraduate  Degree/certificate-seeking  First-time),Race/ethnicity unknown total (EF2016A  All students  Undergraduate  Degree/certificate-seeking  First-time),Nonresident alien total (EF2016A  All students  Undergraduate  Degree/certificate-seeking  First-time),Grand total (EF2016A  All students  Undergraduate  Other degree/certifcate-seeking  Transfer-ins),American Indian or Alaska Native total (EF2016A  All students  Undergraduate  Other degree/certifcate-seeking  Transfer-ins),Asian total (EF2016A  All students  Undergraduate  Other degree/certifcate-seeking  Transfer-ins),Black or African American total (EF2016A  All students  Undergraduate  Other degree/certifcate-seeking  Transfer-ins),Hispanic total (EF2016A  All students  Undergraduate  Other degree/certifcate-seeking  Transfer-ins),Native Hawaiian or Other Pacific Islander total (EF2016A  All students  Undergraduate  Other degree/certifcate-seeking  Transfer-ins),White total (EF2016A  All students  Undergraduate  Other degree/certifcate-seeking  Transfer-ins),Two or more races total (EF2016A  All students  Undergraduate  Other degree/certifcate-seeking  Transfer-ins),Race/ethnicity unknown total (EF2016A  All students  Undergraduate  Other degree/certifcate-seeking  Transfer-ins),Nonresident alien total (EF2016A  All students  Undergraduate  Other degree/certifcate-seeking  Transfer-ins),Grand total (EF2015A  All students  Undergraduate total),American Indian or Alaska Native total (EF2015A  All students  Undergraduate total),Asian total (EF2015A  All students  Undergraduate total),Black or African American total (EF2015A  All students  Undergraduate total),Hispanic total (EF2015A  All students  Undergraduate total),Native Hawaiian or Other Pacific Islander total (EF2015A  All students  Undergraduate total),White total (EF2015A  All students  Undergraduate total),Two or more races total (EF2015A  All students  Undergraduate total),Race/ethnicity unknown total (EF2015A  All students  Undergraduate total),Nonresident alien total (EF2015A  All students  Undergraduate total),Grand total (EF2015A  All students  Undergraduate  Degree/certificate-seeking  First-time),American Indian or Alaska Native total (EF2015A  All students  Undergraduate  Degree/certificate-seeking  First-time),Asian total (EF2015A  All students  Undergraduate  Degree/certificate-seeking  First-time),Black or African American total (EF2015A  All students  Undergraduate  Degree/certificate-seeking  First-time),Hispanic total (EF2015A  All students  Undergraduate  Degree/certificate-seeking  First-time),Native Hawaiian or Other Pacific Islander total (EF2015A  All students  Undergraduate  Degree/certificate-seeking  First-time),White total (EF2015A  All students  Undergraduate  Degree/certificate-seeking  First-time),Two or more races total (EF2015A  All students  Undergraduate  Degree/certificate-seeking  First-time),Race/ethnicity unknown total (EF2015A  All students  Undergraduate  Degree/certificate-seeking  First-time),Nonresident alien total (EF2015A  All students  Undergraduate  Degree/certificate-seeking  First-time),Grand total (EF2015A  All students  Undergraduate  Other degree/certifcate-seeking  Transfer-ins),American Indian or Alaska Native total (EF2015A  All students  Undergraduate  Other degree/certifcate-seeking  Transfer-ins),Asian total (EF2015A  All students  Undergraduate  Other degree/certifcate-seeking  Transfer-ins),Black or African American total (EF2015A  All students  Undergraduate  Other degree/certifcate-seeking  Transfer-ins),Hispanic total (EF2015A  All students  Undergraduate  Other degree/certifcate-seeking  Transfer-ins),Native Hawaiian or Other Pacific Islander total (EF2015A  All students  Undergraduate  Other degree/certifcate-seeking  Transfer-ins),White total (EF2015A  All students  Undergraduate  Other degree/certifcate-seeking  Transfer-ins),Two or more races total (EF2015A  All students  Undergraduate  Other degree/certifcate-seeking  Transfer-ins),Race/ethnicity unknown total (EF2015A  All students  Undergraduate  Other degree/certifcate-seeking  Transfer-ins),Nonresident alien total (EF2015A  All students  Undergraduate  Other degree/certifcate-seeking  Transfer-ins),Grand total (EF2014A  All students  Undergraduate total),American Indian or Alaska Native total (EF2014A  All students  Undergraduate total),Asian total (EF2014A  All students  Undergraduate total),Black or African American total (EF2014A  All students  Undergraduate total),Hispanic total (EF2014A  All students  Undergraduate total),Native Hawaiian or Other Pacific Islander total (EF2014A  All students  Undergraduate total),White total (EF2014A  All students  Undergraduate total),Two or more races total (EF2014A  All students  Undergraduate total),Race/ethnicity unknown total (EF2014A  All students  Undergraduate total),Nonresident alien total (EF2014A  All students  Undergraduate total),Grand total (EF2014A  All students  Undergraduate  Degree/certificate-seeking  First-time),American Indian or Alaska Native total (EF2014A  All students  Undergraduate  Degree/certificate-seeking  First-time),Asian total (EF2014A  All students  Undergraduate  Degree/certificate-seeking  First-time),Black or African American total (EF2014A  All students  Undergraduate  Degree/certificate-seeking  First-time),Hispanic total (EF2014A  All students  Undergraduate  Degree/certificate-seeking  First-time),Native Hawaiian or Other Pacific Islander total (EF2014A  All students  Undergraduate  Degree/certificate-seeking  First-time),White total (EF2014A  All students  Undergraduate  Degree/certificate-seeking  First-time),Two or more races total (EF2014A  All students  Undergraduate  Degree/certificate-seeking  First-time),Race/ethnicity unknown total (EF2014A  All students  Undergraduate  Degree/certificate-seeking  First-time),Nonresident alien total (EF2014A  All students  Undergraduate  Degree/certificate-seeking  First-time),Grand total (EF2014A  All students  Undergraduate  Other degree/certifcate-seeking  Transfer-ins),American Indian or Alaska Native total (EF2014A  All students  Undergraduate  Other degree/certifcate-seeking  Transfer-ins),Asian total (EF2014A  All students  Undergraduate  Other degree/certifcate-seeking  Transfer-ins),Black or African American total (EF2014A  All students  Undergraduate  Other degree/certifcate-seeking  Transfer-ins),Hispanic total (EF2014A  All students  Undergraduate  Other degree/certifcate-seeking  Transfer-ins),Native Hawaiian or Other Pacific Islander total (EF2014A  All students  Undergraduate  Other degree/certifcate-seeking  Transfer-ins),White total (EF2014A  All students  Undergraduate  Other degree/certifcate-seeking  Transfer-ins),Two or more races total (EF2014A  All students  Undergraduate  Other degree/certifcate-seeking  Transfer-ins),Race/ethnicity unknown total (EF2014A  All students  Undergraduate  Other degree/certifcate-seeking  Transfer-ins),Nonresident alien total (EF2014A  All students  Undergraduate  Other degree/certifcate-seeking  Transfer-ins),Grand total (EF2013A  All students  Undergraduate total),American Indian or Alaska Native total (EF2013A  All students  Undergraduate total),Asian total (EF2013A  All students  Undergraduate total),Black or African American total (EF2013A  All students  Undergraduate total),Hispanic total (EF2013A  All students  Undergraduate total),Native Hawaiian or Other Pacific Islander total (EF2013A  All students  Undergraduate total),White total (EF2013A  All students  Undergraduate total),Two or more races total (EF2013A  All students  Undergraduate total),Race/ethnicity unknown total (EF2013A  All students  Undergraduate total),Nonresident alien total (EF2013A  All students  Undergraduate total),Grand total (EF2013A  All students  Undergraduate  Degree/certificate-seeking  First-time),American Indian or Alaska Native total (EF2013A  All students  Undergraduate  Degree/certificate-seeking  First-time),Asian total (EF2013A  All students  Undergraduate  Degree/certificate-seeking  First-time),Black or African American total (EF2013A  All students  Undergraduate  Degree/certificate-seeking  First-time),Hispanic total (EF2013A  All students  Undergraduate  Degree/certificate-seeking  First-time),Native Hawaiian or Other Pacific Islander total (EF2013A  All students  Undergraduate  Degree/certificate-seeking  First-time),White total (EF2013A  All students  Undergraduate  Degree/certificate-seeking  First-time),Two or more races total (EF2013A  All students  Undergraduate  Degree/certificate-seeking  First-time),Race/ethnicity unknown total (EF2013A  All students  Undergraduate  Degree/certificate-seeking  First-time),Nonresident alien total (EF2013A  All students  Undergraduate  Degree/certificate-seeking  First-time),Grand total (EF2013A  All students  Undergraduate  Other degree/certifcate-seeking  Transfer-ins),American Indian or Alaska Native total (EF2013A  All students  Undergraduate  Other degree/certifcate-seeking  Transfer-ins),Asian total (EF2013A  All students  Undergraduate  Other degree/certifcate-seeking  Transfer-ins),Black or African American total (EF2013A  All students  Undergraduate  Other degree/certifcate-seeking  Transfer-ins),Hispanic total (EF2013A  All students  Undergraduate  Other degree/certifcate-seeking  Transfer-ins),Native Hawaiian or Other Pacific Islander total (EF2013A  All students  Undergraduate  Other degree/certifcate-seeking  Transfer-ins),White total (EF2013A  All students  Undergraduate  Other degree/certifcate-seeking  Transfer-ins),Two or more races total (EF2013A  All students  Undergraduate  Other degree/certifcate-seeking  Transfer-ins),Race/ethnicity unknown total (EF2013A  All students  Undergraduate  Other degree/certifcate-seeking  Transfer-ins),Nonresident alien total (EF2013A  All students  Undergraduate  Other degree/certifcate-seeking  Transfer-ins),Grand total (EF2012A  All students  Undergraduate total),American Indian or Alaska Native total (EF2012A  All students  Undergraduate total),Asian total (EF2012A  All students  Undergraduate total),Black or African American total (EF2012A  All students  Undergraduate total),Hispanic total (EF2012A  All students  Undergraduate total),Native Hawaiian or Other Pacific Islander total (EF2012A  All students  Undergraduate total),White total (EF2012A  All students  Undergraduate total),Two or more races total (EF2012A  All students  Undergraduate total),Race/ethnicity unknown total (EF2012A  All students  Undergraduate total),Nonresident alien total (EF2012A  All students  Undergraduate total),Grand total (EF2012A  All students  Undergraduate  Degree/certificate-seeking  First-time),American Indian or Alaska Native total (EF2012A  All students  Undergraduate  Degree/certificate-seeking  First-time),Asian total (EF2012A  All students  Undergraduate  Degree/certificate-seeking  First-time),Black or African American total (EF2012A  All students  Undergraduate  Degree/certificate-seeking  First-time),Hispanic total (EF2012A  All students  Undergraduate  Degree/certificate-seeking  First-time),Native Hawaiian or Other Pacific Islander total (EF2012A  All students  Undergraduate  Degree/certificate-seeking  First-time),White total (EF2012A  All students  Undergraduate  Degree/certificate-seeking  First-time),Two or more races total (EF2012A  All students  Undergraduate  Degree/certificate-seeking  First-time),Race/ethnicity unknown total (EF2012A  All students  Undergraduate  Degree/certificate-seeking  First-time),Nonresident alien total (EF2012A  All students  Undergraduate  Degree/certificate-seeking  First-time),Grand total (EF2012A  All students  Undergraduate  Other degree/certifcate-seeking  Transfer-ins),American Indian or Alaska Native total (EF2012A  All students  Undergraduate  Other degree/certifcate-seeking  Transfer-ins),Asian total (EF2012A  All students  Undergraduate  Other degree/certifcate-seeking  Transfer-ins),Black or African American total (EF2012A  All students  Undergraduate  Other degree/certifcate-seeking  Transfer-ins),Hispanic total (EF2012A  All students  Undergraduate  Other degree/certifcate-seeking  Transfer-ins),Native Hawaiian or Other Pacific Islander total (EF2012A  All students  Undergraduate  Other degree/certifcate-seeking  Transfer-ins),White total (EF2012A  All students  Undergraduate  Other degree/certifcate-seeking  Transfer-ins),Two or more races total (EF2012A  All students  Undergraduate  Other degree/certifcate-seeking  Transfer-ins),Race/ethnicity unknown total (EF2012A  All students  Undergraduate  Other degree/certifcate-seeking  Transfer-ins),Nonresident alien total (EF2012A  All students  Undergraduate  Other degree/certifcate-seeking  Transfer-ins),Grand total (EF2011A  All students  Undergraduate total),American Indian or Alaska Native total (EF2011A  All students  Undergraduate total),Asian total (EF2011A  All students  Undergraduate total),Black or African American total (EF2011A  All students  Undergraduate total),Hispanic total (EF2011A  All students  Undergraduate total),Native Hawaiian or Other Pacific Islander total (EF2011A  All students  Undergraduate total),White total (EF2011A  All students  Undergraduate total),Two or more races total (EF2011A  All students  Undergraduate total),Race/ethnicity unknown total (EF2011A  All students  Undergraduate total),Nonresident alien total (EF2011A  All students  Undergraduate total),Grand total (EF2011A  All students  Undergraduate  Degree/certificate-seeking  First-time),American Indian or Alaska Native total (EF2011A  All students  Undergraduate  Degree/certificate-seeking  First-time),Asian total (EF2011A  All students  Undergraduate  Degree/certificate-seeking  First-time),Black or African American total (EF2011A  All students  Undergraduate  Degree/certificate-seeking  First-time),Hispanic total (EF2011A  All students  Undergraduate  Degree/certificate-seeking  First-time),Native Hawaiian or Other Pacific Islander total (EF2011A  All students  Undergraduate  Degree/certificate-seeking  First-time),White total (EF2011A  All students  Undergraduate  Degree/certificate-seeking  First-time),Two or more races total (EF2011A  All students  Undergraduate  Degree/certificate-seeking  First-time),Race/ethnicity unknown total (EF2011A  All students  Undergraduate  Degree/certificate-seeking  First-time),Nonresident alien total (EF2011A  All students  Undergraduate  Degree/certificate-seeking  First-time),Grand total (EF2011A  All students  Undergraduate  Other degree/certifcate-seeking  Transfer-ins),American Indian or Alaska Native total (EF2011A  All students  Undergraduate  Other degree/certifcate-seeking  Transfer-ins),Asian total (EF2011A  All students  Undergraduate  Other degree/certifcate-seeking  Transfer-ins),Black or African American total (EF2011A  All students  Undergraduate  Other degree/certifcate-seeking  Transfer-ins),Hispanic total (EF2011A  All students  Undergraduate  Other degree/certifcate-seeking  Transfer-ins),Native Hawaiian or Other Pacific Islander total (EF2011A  All students  Undergraduate  Other degree/certifcate-seeking  Transfer-ins),White total (EF2011A  All students  Undergraduate  Other degree/certifcate-seeking  Transfer-ins),Two or more races total (EF2011A  All students  Undergraduate  Other degree/certifcate-seeking  Transfer-ins),Race/ethnicity unknown total (EF2011A  All students  Undergraduate  Other degree/certifcate-seeking  Transfer-ins),Nonresident alien total (EF2011A  All students  Undergraduate  Other degree/certifcate-seeking  Transfer-ins),Grand total (EF2010A  All students  Undergraduate total),American Indian or Alaska Native total (EF2010A  All students  Undergraduate total),Asian total (EF2010A  All students  Undergraduate total),Black or African American total (EF2010A  All students  Undergraduate total),Hispanic total (EF2010A  All students  Undergraduate total),Native Hawaiian or Other Pacific Islander total (EF2010A  All students  Undergraduate total),White total (EF2010A  All students  Undergraduate total),Two or more races total (EF2010A  All students  Undergraduate total),Race/ethnicity unknown total (EF2010A  All students  Undergraduate total),Nonresident alien total (EF2010A  All students  Undergraduate total),Grand total (EF2010A  All students  Undergraduate  Degree/certificate-seeking  First-time),American Indian or Alaska Native total (EF2010A  All students  Undergraduate  Degree/certificate-seeking  First-time),Asian total (EF2010A  All students  Undergraduate  Degree/certificate-seeking  First-time),Black or African American total (EF2010A  All students  Undergraduate  Degree/certificate-seeking  First-time),Hispanic total (EF2010A  All students  Undergraduate  Degree/certificate-seeking  First-time),Native Hawaiian or Other Pacific Islander total (EF2010A  All students  Undergraduate  Degree/certificate-seeking  First-time),White total (EF2010A  All students  Undergraduate  Degree/certificate-seeking  First-time),Two or more races total (EF2010A  All students  Undergraduate  Degree/certificate-seeking  First-time),Race/ethnicity unknown total (EF2010A  All students  Undergraduate  Degree/certificate-seeking  First-time),Nonresident alien total (EF2010A  All students  Undergraduate  Degree/certificate-seeking  First-time),Grand total (EF2010A  All students  Undergraduate  Other degree/certifcate-seeking  Transfer-ins),American Indian or Alaska Native total (EF2010A  All students  Undergraduate  Other degree/certifcate-seeking  Transfer-ins),Asian total (EF2010A  All students  Undergraduate  Other degree/certifcate-seeking  Transfer-ins),Black or African American total (EF2010A  All students  Undergraduate  Other degree/certifcate-seeking  Transfer-ins),Hispanic total (EF2010A  All students  Undergraduate  Other degree/certifcate-seeking  Transfer-ins),Native Hawaiian or Other Pacific Islander total (EF2010A  All students  Undergraduate  Other degree/certifcate-seeking  Transfer-ins),White total (EF2010A  All students  Undergraduate  Other degree/certifcate-seeking  Transfer-ins),Two or more races total (EF2010A  All students  Undergraduate  Other degree/certifcate-seeking  Transfer-ins),Race/ethnicity unknown total (EF2010A  All students  Undergraduate  Other degree/certifcate-seeking  Transfer-ins),Nonresident alien total (EF2010A  All students  Undergraduate  Other degree/certifcate-seeking  Transfer-ins)
104151,Arizona State University-Tempe,42477,472,3003,1624,8281,98,21495,1697,280,5527,8230,65,682,296,1751,21,4223,361,8,823,3256,50,149,164,705,5,1754,119,4,306,41828,511,2863,1582,7809,94,21653,1673,379,5264,8348,79,614,262,1600,22,4188,384,97,1102,3369,63,143,158,677,11,1888,129,16,284,39961,524,2710,1563,7404,93,21531,1580,330,4226,7647,63,560,254,1495,17,3865,338,146,909,3417,72,159,184,737,9,1883,131,26,216,38730,524,2613,1538,7145,97,22214,1450,256,2893,7171,58,560,238,1384,9,3741,337,39,805,3354,56,145,159,694,10,1956,130,16,188,59382,1004,3460,3006,11480,151,35502,1770,690,2319,9265,91,615,433,1983,31,5120,426,30,536,7228,133,305,424,1411,23,4385,232,51,264,58404,1096,3355,3029,10921,111,35633,1268,1112,1879,9254,132,562,423,1870,27,5407,405,38,390,6776,170,262,398,1309,21,4199,192,33,192,56562,1141,3263,2942,10075,76,35095,713,1725,1532,9544,169,539,502,2096,27,5477,411,38,285,6158,109,233,341,1170,19,3904,152,40,190
100858,Auburn University,22658,114,556,1488,740,7,18309,283,131,1030,4529,7,108,255,163,4,3785,131,5,71,1226,8,23,122,42,1,962,38,3,27,21786,135,538,1446,696,3,18149,122,183,514,4899,25,133,275,187,1,4154,35,36,53,1250,15,29,118,35,0,989,5,11,48,20629,151,466,1446,509,0,17455,0,288,314,4592,29,124,303,133,0,3917,0,52,34,1270,13,29,119,27,0,1018,0,20,44,19799,152,421,1413,499,0,16883,0,252,179,3726,33,98,234,90,0,3210,0,37,24,1052,12,19,95,26,0,867,0,11,22,20175,145,396,1446,569,0,17197,0,271,151,3762,18,92,235,112,0,3178,0,102,25,1016,15,20,64,29,0,862,0,15,11,20446,141,375,1520,580,0,17483,0,212,135,4202,30,68,268,161,0,3610,0,50,15,1246,16,16,90,28,0,1075,0,12,9,20221,143,379,1583,510,0,17252,0,218,136,4099,35,85,272,168,0,3467,0,53,19,1077,9,17,69,18,0,928,0,18,18
219602,Austin Peay State University,9513,34,148,1990,612,27,5851,565,246,40,1963,9,24,491,106,1,1145,160,27,0,913,2,16,194,79,7,533,42,37,3,9184,37,161,1805,573,22,5792,521,233,40,1555,6,15,348,95,1,941,112,32,5,878,7,19,162,67,5,528,46,43,1,9246,35,147,1806,542,19,5967,481,209,40,1494,6,20,306,70,3,960,98,26,5,823,6,7,163,59,5,512,45,24,2,9550,38,140,1802,527,23,6299,443,235,43,1582,3,16,334,71,1,1046,72,33,6,899,8,14,161,69,1,572,32,38,4,9735,50,167,1874,520,29,6407,418,229,41,1522,7,19,305,54,5,1018,77,34,3,879,4,17,170,51,2,575,31,28,1,10020,60,165,1918,561,37,6563,404,264,48,1551,5,19,301,67,3,1043,63,44,6,967,7,20,193,48,1,620,27,48,3,9835,56,165,1881,570,47,6407,431,225,53,1718,13,28,332,49,5,1115,86,77,13,896,4,17,184,39,4,544,21,77,6
217882,Clemson University,18599,38,454,1265,649,6,15427,516,86,158,3684,5,96,282,140,0,3009,131,4,17,1426,1,25,73,68,0,1201,37,6,15,18016,30,409,1191,574,10,14980,464,177,181,3447,6,102,272,109,1,2823,110,6,18,1357,5,22,67,61,0,1141,37,3,21,17260,33,335,1116,510,12,14371,394,306,183,3475,7,80,245,106,1,2917,92,8,19,1293,5,30,66,64,3,1065,26,5,29,16931,26,301,1057,439,16,14105,355,445,187,3289,5,64,194,89,0,2825,75,12,25,1144,2,26,61,41,1,938,22,32,21,16562,28,306,1059,432,18,13967,319,240,193,3463,2,69,225,85,1,2951,82,35,13,1158,2,12,72,55,0,959,21,9,28,15836,36,292,1023,363,18,13320,241,370,173,2933,5,59,238,77,4,2442,69,20,19,1149,3,23,53,35,3,988,19,4,21,15459,36,270,1006,304,13,12981,162,545,142,3016,3,49,194,72,7,2601,50,24,16,1065,2,19,48,38,2,905,21,7,23
126818,Colorado State University-Fort Collins,25177,114,648,600,2982,34,18330,859,657,953,4942,20,142,146,742,9,3545,207,46,85,1651,7,32,27,201,1,1141,63,24,155,23917,159,611,570,2611,41,17506,488,1007,924,4757,35,176,134,606,17,3529,8,149,103,1671,15,25,25,158,3,1010,25,239,171,23598,125,530,540,2422,27,17468,683,918,885,4362,40,143,125,534,9,3304,66,60,81,1411,25,36,30,126,5,1030,6,19,134,23548,77,454,495,2216,23,17562,805,1219,697,4435,16,104,89,534,1,3273,177,178,63,1426,5,30,24,123,0,1018,39,63,124,23252,92,401,492,2068,36,17563,740,1317,543,4544,17,81,102,490,4,3335,201,244,70,1409,5,18,14,138,2,989,44,103,96,23075,89,444,476,1845,38,17792,660,1237,494,4497,18,81,126,482,6,3338,162,237,47,1565,6,28,13,118,4,1141,47,110,98,22831,92,469,432,1687,42,17920,593,1141,455,4480,15,86,113,386,9,3437,140,229,65,1406,5,18,19,105,1,1064,36,108,50
220075,East Tennessee State University,11065,21,150,686,245,10,9064,290,137,462,1886,4,27,170,43,1,1548,45,17,31,1027,1,12,45,12,2,834,28,22,71,11392,26,159,756,254,8,9306,307,143,433,1999,5,31,190,60,1,1565,73,24,50,950,2,5,52,11,0,768,25,15,72,11550,29,156,725,246,8,9621,288,127,350,2055,4,25,192,62,1,1647,63,28,33,1057,0,12,45,17,1,872,31,32,47,11820,41,150,691,236,10,9988,286,87,331,1881,4,28,148,41,2,1536,62,27,33,1132,5,9,45,12,1,958,25,27,50,12267,46,149,766,256,12,10436,286,61,255,2082,6,20,173,49,1,1707,73,26,27,1189,7,13,68,11,1,993,37,7,52,12539,52,176,736,232,16,10634,240,262,191,2140,5,19,172,20,3,1644,42,210,25,1253,7,24,83,12,0,1061,18,9,39,12175,49,183,648,288,15,10520,244,54,174,2099,11,23,198,46,3,1741,31,32,14,1111,5,9,54,13,2,969,11,3,45
134097,Florida State University,32933,83,783,2741,6526,47,20537,1091,497,628,6190,16,142,527,1305,3,3822,216,110,49,2207,9,35,220,432,3,1348,86,33,41,32706,70,783,2611,6205,48,20916,1019,465,589,6096,17,149,444,1275,13,3860,194,102,42,2119,4,38,242,433,3,1288,72,16,23,32948,90,808,2669,5872,52,21522,942,434,559,5994,14,157,413,1109,6,3936,220,101,38,2280,4,46,247,403,8,1453,72,25,22,32528,122,820,2769,5497,60,21577,740,457,486,6032,12,160,407,1197,7,3996,173,67,13,2348,6,35,264,421,7,1477,81,47,10,32171,102,858,2843,5031,10,21684,760,476,407,5712,9,124,406,1016,6,3903,154,66,28,2337,5,53,237,360,4,1545,80,33,20,32201,130,906,3026,4792,0,21773,632,464,478,6121,13,161,428,1060,0,4182,169,82,26,2502,5,51,271,360,0,1663,87,40,25,31418,301,1087,3304,4294,0,21679,0,446,307,5927,68,178,570,947,0,4043,0,109,12,2461,34,66,311,316,0,1678,0,35,21
139755,Georgia Institute of Technology-Main Campus,15489,5,3093,1040,1028,6,7634,560,521,1602,2877,1,578,184,182,0,1418,99,167,248,592,0,103,54,51,0,302,19,1,62,15142,8,2999,997,988,8,7614,553,349,1626,3089,2,635,200,191,0,1500,112,205,244,482,0,72,49,36,0,226,13,0,86,14682,9,2838,935,935,12,7676,524,167,1586,2809,1,584,150,185,1,1415,113,109,251,499,0,67,44,37,0,242,12,0,97,14558,18,2603,918,937,13,7976,476,73,1544,2673,2,510,157,135,4,1433,102,11,319,501,0,87,45,38,2,225,16,0,88,14527,17,2590,935,894,13,8216,412,75,1375,3044,1,537,156,208,1,1593,117,12,419,595,0,83,50,41,0,303,13,1,104,13948,21,2379,913,803,13,8295,359,84,1081,2695,2,445,167,160,2,1577,88,18,236,692,1,101,71,58,0,376,23,5,57,13750,21,2334,855,740,12,8389,341,86,972,2712,6,443,146,167,3,1628,87,13,219,508,1,54,50,39,0,297,15,3,49
151351,Indiana University-Bloomington,39184,44,1913,1661,2121,14,27751,1392,640,3648,7673,6,439,350,495,1,5364,334,13,671,898,1,36,55,43,1,534,35,5,188,38364,47,1588,1508,1820,16,25886,1266,2496,3737,7875,6,383,377,497,1,5577,304,24,706,899,2,18,48,40,0,504,37,5,245,36419,39,1512,1413,1672,21,26523,1220,228,3791,7718,8,377,336,405,3,5539,290,28,732,912,1,24,47,48,0,548,36,2,206,36862,45,1375,1496,1594,26,27206,1151,263,3706,7604,8,324,313,369,6,5659,269,52,604,951,1,28,41,47,1,600,37,8,188,32371,46,1213,1348,1307,28,23889,823,199,3518,7613,11,291,319,344,5,5652,259,37,695,943,3,30,40,31,0,664,23,10,142,32543,49,1250,1382,1225,25,24608,650,222,3132,7424,9,316,293,335,5,5468,217,27,754,966,3,29,33,39,1,635,17,11,198,32367,62,1259,1442,1087,23,25097,492,313,2592,7020,3,254,342,319,2,5192,220,48,640,1001,2,29,40,30,1,661,23,5,210
153603,Iowa State University,30671,58,966,801,1542,24,22732,702,1642,2204,6325,9,227,164,378,4,4704,164,341,334,1871,2,54,64,118,0,1327,41,109,156,30034,73,875,802,1393,28,22584,655,1486,2138,6231,17,216,168,322,8,4710,157,357,276,1949,2,43,71,93,0,1447,33,109,151,28893,66,816,739,1291,26,21910,624,1219,2202,6041,15,191,167,269,4,4610,156,337,292,1960,4,46,70,88,2,1453,42,108,147,27659,59,759,693,1181,27,21197,533,1038,2172,6089,13,169,151,299,6,4660,144,286,361,2042,9,48,67,88,2,1518,37,126,147,25553,54,705,659,987,24,19908,416,811,1989,5366,14,157,139,262,6,4276,122,140,250,1841,5,39,57,49,4,1452,42,61,132,24343,47,657,637,882,14,19105,307,800,1894,5048,9,140,145,252,3,4034,118,116,231,1781,5,38,61,83,1,1359,18,78,138,23104,51,649,572,729,13,18295,214,806,1775,4552,8,107,129,171,6,3649,80,119,283,1673,5,44,50,45,2,1265,27,78,157
159391,Louisiana State University and Agricultural & Mechanical College,26118,84,1099,3190,1581,28,18880,531,147,578,5475,18,216,738,348,7,3977,71,42,58,784,4,29,111,54,3,514,10,16,43,26156,85,1092,3156,1551,35,18985,582,114,556,5624,28,230,752,347,8,4079,88,43,49,1046,10,46,128,69,3,684,23,20,63,25572,69,963,2934,1428,29,18964,628,73,484,5655,16,241,678,365,7,4104,152,11,81,956,3,30,143,70,0,632,29,8,41,24923,86,851,2774,1245,28,18812,569,100,458,5501,16,221,709,315,9,3979,177,4,71,933,5,23,123,59,2,664,24,5,28,24626,78,796,2612,1140,16,18838,481,198,467,5725,19,203,718,364,4,4193,148,9,67,902,1,30,136,55,2,621,24,6,27,23977,94,746,2401,1000,13,18568,367,322,466,5290,15,152,599,266,6,4074,115,12,51,857,2,22,102,47,0,623,23,1,37,23685,102,803,2215,897,5,18481,252,458,472,5481,18,160,570,243,3,4258,129,16,84,923,8,35,101,35,1,661,14,19,49
171100,Michigan State University,39090,88,1946,2724,1629,36,26169,1155,330,5013,8190,18,451,625,345,7,5342,268,53,1081,1640,6,64,74,94,1,1269,55,16,61,39143,87,1816,2700,1573,30,26231,1075,363,5268,8173,18,417,658,376,3,5399,240,46,1016,1670,7,83,76,61,1,1313,47,21,61,38786,80,1679,2594,1475,31,26207,1032,382,5306,8055,16,370,610,358,9,5203,256,46,1187,1668,8,63,69,76,4,1270,52,19,107,37985,83,1606,2538,1357,22,26262,904,418,4795,8061,14,380,592,306,3,5188,213,60,1305,1513,5,41,58,59,0,1161,39,11,139,37354,100,1551,2514,1319,26,26437,777,476,4154,8354,12,335,511,293,8,5652,199,92,1252,1397,4,51,59,56,0,1109,29,15,74,36557,131,1539,2612,1245,24,26282,691,520,3513,7984,16,308,562,289,6,5483,213,76,1031,1488,3,40,53,71,0,1208,36,10,67,35921,153,1566,2665,1133,21,26382,571,573,2857,7375,17,316,508,284,2,5308,203,76,661,1376,6,39,42,49,1,1103,24,21,91
220978,Middle Tennessee State University,19693,53,588,4106,934,11,12540,626,49,786,2893,6,116,722,151,1,1702,112,3,80,1865,9,43,337,106,1,1261,53,2,53,20140,53,530,4231,889,19,12888,603,88,839,2839,10,83,780,151,4,1606,91,7,107,2018,5,41,350,85,0,1411,64,4,58,20262,63,520,4127,866,22,13208,605,175,676,2932,8,71,682,141,1,1839,104,4,82,1809,5,38,281,80,3,1301,60,1,40,21162,69,549,4327,872,20,13993,587,270,475,3179,9,77,792,123,1,1986,123,10,58,1907,5,43,350,101,4,1284,65,7,48,22371,66,589,4279,845,21,15275,544,349,403,3120,11,97,790,146,2,1892,119,35,28,2048,2,34,371,77,2,1423,64,14,61,23415,75,597,4195,781,19,16500,478,424,346,3548,12,83,815,142,3,2305,129,25,34,2182,3,44,365,85,4,1578,50,32,21,23401,80,564,3888,692,15,17000,398,507,257,3878,10,95,742,117,5,2483,68,329,29,2254,4,51,370,79,2,1601,37,71,39
176080,Mississippi State University,18090,78,236,3757,488,14,12921,292,73,231,3624,21,48,837,108,4,2494,65,16,31,1832,10,20,343,57,1,1342,31,5,23,17421,95,211,3612,428,11,12455,260,96,253,3471,15,47,834,83,3,2383,69,6,31,1858,12,15,297,59,2,1410,27,7,29,16536,87,196,3418,364,11,11825,226,123,286,2974,12,44,663,78,3,2099,43,5,27,1735,8,18,306,54,0,1290,21,11,27,16399,99,178,3480,307,15,11735,209,133,243,3156,12,31,766,74,4,2189,49,7,24,1534,10,4,254,23,2,1195,11,9,26,16390,85,183,3640,296,13,11547,197,168,261,2894,22,40,724,51,2,1972,40,15,28,1617,13,12,277,35,1,1219,16,18,26,16312,80,186,3685,286,12,11380,182,223,278,2898,24,39,772,58,1,1884,32,56,32,1754,9,12,319,31,0,1270,14,20,79,15543,63,160,3346,253,18,11016,172,259,256,2707,14,26,662,43,5,1871,33,20,33,1683,9,15,302,40,0,1265,18,15,19
199193,North Carolina State University at Raleigh,23827,92,1404,1441,1125,17,17047,904,686,1111,4388,21,291,249,182,3,3070,136,144,292,1224,4,79,64,89,1,835,52,35,65,24111,83,1288,1528,1124,20,17528,905,563,1072,4364,16,204,247,204,2,3220,189,77,205,1107,4,44,65,72,1,756,37,27,101,24473,103,1351,1616,1095,20,17962,841,630,855,4499,16,254,260,192,3,3384,203,56,131,1253,4,63,57,67,1,915,32,23,91,24536,109,1315,1720,1026,15,18244,750,598,759,4307,23,193,221,156,5,3328,166,64,151,1215,7,67,57,70,0,867,44,34,69,24833,117,1263,1908,1032,12,18549,618,716,618,4398,21,222,320,190,4,3291,162,69,119,1209,8,64,72,67,1,877,37,35,48,25176,121,1297,1988,905,10,18951,505,838,561,4697,23,224,347,204,0,3598,157,82,62,1027,4,47,42,53,0,780,27,41,33,25247,122,1326,2068,838,14,19218,331,854,476,4705,21,243,394,176,7,3604,121,93,46,1141,7,62,65,66,1,822,20,58,40
204796,Ohio State University-Main Campus,45831,56,2968,2537,1766,26,31759,1441,1628,3650,7938,8,582,350,299,3,5322,228,297,849,2555,1,103,179,123,4,1633,102,106,304,45289,57,2771,2538,1705,31,31961,1409,1464,3353,7032,9,479,314,302,4,5007,217,320,380,2941,10,114,246,136,6,1962,100,118,249,44741,53,2558,2544,1551,29,32061,1278,1227,3440,7079,4,501,291,260,2,5073,206,177,565,2865,4,120,213,107,1,1907,95,92,326,44201,74,2432,2688,1487,27,31832,1155,1163,3343,7130,11,470,309,268,0,4793,230,544,505,2513,6,107,179,104,0,1702,97,71,247,43058,87,2285,2700,1341,33,31726,892,676,3318,7215,6,439,323,230,11,5233,245,137,591,2390,3,95,154,79,2,1606,75,58,318,42916,105,2248,2695,1316,14,32462,599,645,2832,7089,6,390,379,273,10,5361,208,70,392,2428,7,82,155,87,2,1644,49,45,357,42082,128,2232,2726,1202,0,32574,271,690,2259,6672,24,376,405,234,0,4993,77,72,491,2312,6,99,138,63,0,1597,12,38,359
214777,Pennsylvania State University-Main Campus,41359,29,2636,1722,2499,38,27783,1102,737,4813,8499,9,567,319,531,6,5827,244,151,845,333,0,13,12,17,0,183,9,5,94,40742,31,2511,1699,2412,39,27883,1057,719,4391,7626,4,461,316,517,8,5177,242,147,754,433,2,11,14,28,0,233,7,7,131,40541,31,2423,1620,2224,33,28499,1001,654,4056,8183,5,519,263,482,8,5645,255,139,867,455,0,13,17,28,1,242,7,8,139,40085,31,2196,1708,2183,26,28834,921,558,3628,8043,3,491,209,459,5,5759,200,128,789,498,0,17,16,15,0,269,15,7,159,39192,36,2034,1689,2087,23,28697,881,579,3166,7649,6,458,267,409,8,5429,220,109,743,435,0,20,12,15,0,267,6,7,108,38954,37,1965,1656,1956,20,29118,740,815,2647,7384,8,397,339,467,3,5262,188,80,640,458,0,10,16,24,0,277,9,12,110,38594,28,1868,1508,1763,19,29501,684,1087,2136,7262,4,298,300,417,1,5454,170,32,586,422,1,10,13,19,0,264,3,7,105
243780,Purdue University-Main Campus,31105,43,2136,921,1424,34,19867,729,818,5133,7443,7,570,231,369,9,4853,220,243,941,1074,4,40,28,60,1,538,12,20,371,30560,35,1877,914,1326,30,19775,674,696,5233,7013,8,555,196,309,8,4452,180,242,1063,1056,3,37,30,49,2,554,17,32,332,30237,37,1629,915,1269,21,19900,642,542,5282,6569,10,475,182,306,0,4164,149,137,1146,930,1,32,24,53,1,500,18,20,281,30446,37,1463,975,1202,28,20602,587,570,4982,6422,9,364,179,291,12,4327,143,116,981,971,0,25,25,35,0,596,16,20,254,31284,60,1458,1036,1153,17,21396,506,682,4976,6474,9,281,208,252,6,4460,139,107,1012,1168,0,29,30,58,0,746,15,28,262,31988,87,1587,1123,1078,15,22511,395,644,4548,6820,4,325,236,272,0,4379,158,109,1337,1420,2,44,51,44,1,830,20,26,402,32173,113,1647,1119,986,14,24029,223,618,3424,6513,7,388,217,232,7,4639,122,101,800,1578,3,45,57,57,0,968,18,42,388
186380,Rutgers University-New Brunswick,36168,24,9289,2717,4740,95,14466,1140,709,2988,6466,2,2003,385,784,20,2292,204,105,671,2901,5,355,291,463,6,1428,79,58,216,35484,22,9071,2645,4558,87,14725,1166,657,2553,6607,2,1904,454,841,13,2418,246,87,642,2755,2,340,262,445,8,1397,63,50,188,34544,23,8853,2577,4291,98,14910,1127,661,2004,6412,3,1898,415,759,14,2390,215,91,627,2768,1,312,238,409,9,1450,76,57,216,33901,28,8587,2595,4138,108,15262,1112,676,1395,6403,3,1902,419,764,21,2528,238,120,408,2581,2,298,253,359,10,1387,69,68,135,31593,32,7979,2372,3742,104,14752,1040,547,1025,6170,7,1848,435,707,11,2526,233,86,317,2089,2,271,160,281,2,1164,61,34,114,31268,28,7662,2379,3567,124,15247,923,582,756,6075,2,1721,442,743,24,2706,206,72,159,2116,3,269,169,264,6,1237,51,34,83,30351,35,7313,2341,3258,124,15234,821,602,623,6033,4,1680,438,668,28,2773,218,99,125,1936,5,246,136,247,6,1142,44,39,71
196097,Stony Brook University,17026,22,3980,1102,2012,18,5922,408,1110,2452,2934,2,841,173,324,3,817,78,213,483,1615,2,186,115,281,0,766,44,77,144,16831,24,3937,1102,1846,22,6018,393,1161,2328,2836,1,798,190,268,4,857,63,198,457,1628,4,202,134,261,2,772,35,67,151,16480,24,3923,1037,1715,22,6087,383,1195,2094,2855,4,778,165,279,3,939,72,179,436,1648,1,213,142,242,3,768,46,89,144,15992,23,3856,967,1636,24,5965,356,1434,1731,2709,3,762,143,223,2,925,74,278,299,1527,4,176,124,228,5,733,39,95,123,15837,56,4050,1065,1590,26,6054,0,1443,1553,2676,8,843,163,244,3,928,0,207,280,1538,10,181,142,221,3,774,0,70,137,15785,49,3934,1047,1508,29,6031,0,1841,1346,2520,4,839,159,230,7,823,0,225,233,1366,10,166,123,155,3,678,0,80,151,16126,43,3833,1058,1511,23,6151,0,2302,1205,2741,7,877,152,269,6,1013,0,221,196,1430,9,163,120,152,1,755,0,85,145
221838,Tennessee State University,7014,9,53,4964,100,0,930,160,48,750,1307,1,3,1110,17,0,88,24,15,49,524,1,3,250,15,0,201,14,11,29,7264,12,67,5113,91,0,983,191,36,771,1406,3,8,1162,18,0,95,24,7,89,554,0,7,297,13,0,164,17,5,51,7073,10,69,5013,90,0,1067,204,36,584,1377,2,8,1104,14,0,90,45,4,110,610,2,11,315,11,0,203,20,5,43,6816,11,93,5189,94,0,1204,0,57,168,1363,4,11,1175,16,0,98,0,5,54,657,2,10,330,16,0,265,0,9,25,6745,1,69,5141,110,2,1191,179,27,25,1058,0,12,916,16,0,65,28,12,9,673,0,6,344,6,0,281,29,1,6,7105,21,88,5374,105,3,1150,182,168,14,1231,3,4,953,16,0,80,40,134,1,638,1,12,339,2,0,261,16,7,0,6856,21,86,5074,116,6,1070,146,312,25,1337,2,11,934,15,0,68,28,279,0,563,4,8,288,3,0,214,18,23,5
221847,Tennessee Technological University,9438,13,158,369,266,3,7717,290,55,567,1608,2,25,81,48,0,1301,95,8,48,716,4,9,20,17,0,617,17,16,16,9801,10,156,358,262,4,7873,280,40,818,1589,1,25,73,53,1,1269,114,4,49,637,1,9,18,14,1,555,13,6,20,10314,14,136,373,240,4,8174,233,38,1102,1879,2,25,82,58,1,1582,83,7,39,725,1,10,18,16,1,643,18,5,13,10052,18,122,367,239,4,8204,231,41,826,2175,1,29,103,62,0,1729,98,4,149,652,2,7,16,13,0,574,14,4,22,9957,27,104,366,222,9,8312,211,47,659,2058,4,20,90,54,3,1627,96,8,156,734,3,8,17,7,0,660,7,9,23,9920,33,105,383,202,8,8583,156,38,412,1968,7,24,92,51,0,1694,27,1,72,803,1,7,22,11,0,730,9,4,19,9436,33,99,349,217,11,8261,160,52,254,1909,5,27,85,49,2,1672,22,7,40,737,6,3,20,17,0,665,10,8,8
228723,Texas A & M University-College Station,50735,136,3179,1590,11441,58,31957,1539,81,754,10145,20,771,368,2431,9,6096,334,7,109,2695,20,118,64,610,2,1712,79,6,84,48959,124,2859,1463,10679,52,31512,1487,87,696,10318,22,740,373,2567,15,6260,294,7,40,2620,10,116,73,529,0,1723,70,7,92,47093,132,2569,1306,9715,47,31049,1448,106,721,10835,19,770,353,2585,13,6644,365,20,66,2574,9,113,72,470,5,1684,92,9,120,44072,128,2178,1208,8634,44,29855,1267,89,669,10241,22,576,346,2442,10,6463,305,14,63,2309,14,78,44,380,1,1634,64,6,88,40103,119,1969,1145,7265,42,27759,1063,92,649,8139,22,416,254,1808,7,5305,265,16,46,1910,7,78,32,305,1,1348,48,4,87,39867,136,1883,1164,6739,45,28256,921,75,648,8254,23,459,242,1594,7,5626,231,13,59,1765,2,64,31,266,2,1259,30,10,101,39148,148,1768,1138,6219,51,28346,801,58,619,8176,20,414,232,1502,7,5666,234,28,73,1632,9,41,31,216,2,1226,32,9,66
100751,The University of Alabama,32563,119,400,3391,1411,30,25390,957,109,756,7559,24,89,603,401,7,6089,262,25,59,1478,6,19,212,81,2,1062,47,13,36,31958,112,369,3481,1260,28,24756,862,98,992,7211,29,91,712,358,8,5700,192,27,94,1567,10,12,259,77,3,1097,41,11,57,30752,113,327,3404,1058,28,23768,796,83,1175,6824,21,65,575,289,4,5519,248,10,93,1501,7,16,249,71,1,1064,39,9,45,29440,127,332,3321,908,31,22958,616,86,1061,6454,30,75,613,245,6,5147,176,0,162,1474,7,16,236,52,2,1076,31,12,42,28026,120,308,3281,782,23,22038,459,95,920,6371,14,70,584,242,8,5074,163,14,202,1481,8,13,244,44,2,1078,32,17,43,26234,135,295,3261,629,14,20824,296,87,693,5728,29,58,682,148,4,4543,126,3,135,1460,13,12,239,38,1,1072,34,28,23,24882,135,267,3011,596,10,20192,136,57,478,5519,25,67,657,201,8,4391,91,20,59,1433,14,5,222,29,1,1103,23,19,17
221740,The University of Tennessee-Chattanooga,10170,25,214,1081,381,5,7787,492,89,96,2077,3,45,201,88,2,1624,86,10,18,816,4,13,75,40,1,625,37,11,10,10083,27,203,1130,343,8,7532,659,103,78,1864,3,43,212,77,0,1438,63,23,5,901,4,10,69,29,2,721,46,14,6,10315,26,182,1146,351,7,7605,823,100,75,2160,5,50,255,84,0,1672,70,15,9,804,5,15,90,20,0,589,62,20,3,10297,24,179,1160,332,10,7625,796,91,80,2342,2,38,279,75,2,1823,89,28,6,829,2,13,68,32,2,604,78,24,6,10159,28,183,1205,309,12,7448,820,66,88,2290,6,37,282,82,0,1720,141,13,9,913,3,10,101,27,0,683,68,15,6,9891,23,173,1225,278,10,6976,923,197,86,2186,5,28,257,69,3,1068,726,21,9,833,3,4,67,32,1,582,28,107,9,9229,0,151,1089,207,0,6207,194,1315,66,1946,0,26,238,49,0,1521,70,42,0,706,0,13,67,15,0,560,22,29,0
221759,The University of Tennessee-Knoxville,22139,49,763,1468,816,17,17369,644,624,389,4851,11,197,319,191,6,3799,162,94,72,1367,4,35,62,75,3,1091,40,38,19,21863,50,692,1518,736,9,17200,636,610,412,4719,13,165,327,164,4,3625,138,197,86,1460,6,33,87,57,0,1184,29,36,28,21664,47,657,1549,682,0,17165,631,484,449,4701,9,142,356,180,0,3646,160,137,71,1423,1,49,103,55,0,1132,34,34,15,21182,53,600,1546,587,0,16979,587,406,424,4276,10,130,318,127,0,3412,118,109,52,1528,10,41,107,36,0,1227,49,35,23,20916,54,535,1502,575,13,16950,549,353,385,4207,11,107,344,152,1,3364,127,79,22,1227,4,23,49,30,1,1013,31,32,44,21214,63,570,1503,537,0,17443,472,283,343,4188,9,117,319,120,0,3381,140,36,66,1214,2,24,53,44,0,958,62,36,35,21392,74,554,1573,480,0,17867,327,222,295,4214,7,118,324,118,0,3428,140,38,41,18,0,1,1,0,0,3,1,1,11
221768,The University of Tennessee-Martin,6279,15,37,856,154,0,4883,154,0,180,946,6,7,95,26,0,770,23,0,19,416,0,3,80,12,0,301,10,0,10,6435,8,40,967,151,0,4951,142,0,176,1024,2,4,124,33,0,798,27,0,36,405,1,6,63,6,0,313,11,0,5,6677,10,39,1031,144,0,5132,143,0,178,1181,0,8,133,29,0,942,48,0,21,438,0,1,82,11,0,319,9,0,16,7025,17,29,1129,149,0,5400,123,0,178,1308,1,3,217,35,0,981,37,0,34,421,2,1,72,11,0,325,7,0,3,7318,21,37,1197,120,0,5674,104,0,165,1320,4,3,202,24,0,1022,30,0,35,408,2,1,83,8,0,305,6,0,3,7497,13,40,1193,122,0,5896,67,0,166,1304,3,13,200,29,0,995,23,0,41,491,1,2,95,10,0,369,12,0,2,7945,18,44,1226,115,0,6347,41,0,154,1285,5,9,174,20,0,1033,11,0,33,509,1,0,106,10,0,386,2,0,4
228778,The University of Texas at Austin,40168,57,8315,1672,9077,59,17058,1443,367,2120,8719,15,1933,385,2079,10,3433,314,98,452,2473,8,356,74,584,5,931,77,32,406,39619,65,7865,1647,8775,58,17593,1405,267,1944,7743,8,1779,355,1710,10,3196,269,58,358,2472,6,363,89,554,7,957,98,29,369,39523,81,7459,1622,8621,53,18253,1355,202,1877,7285,4,1658,258,1500,10,3266,262,63,264,2307,4,366,90,529,3,871,81,25,338,39979,91,7130,1701,8679,44,19064,1246,136,1888,7249,6,1457,291,1660,7,3309,264,34,221,2597,2,337,100,557,7,1084,87,10,413,39955,112,7053,1763,8344,34,19598,998,139,1914,8092,21,1490,359,1907,8,3682,296,21,308,2579,2,340,79,512,4,1144,82,14,402,38437,123,6823,1758,7701,21,19375,680,160,1796,7148,17,1309,326,1503,9,3427,241,21,295,2492,8,306,72,470,3,1156,79,12,386,38420,153,6858,1800,7462,11,19877,389,146,1724,7275,15,1260,333,1680,4,3462,229,10,282,2452,5,343,92,396,2,1170,58,22,364
196088,University at Buffalo,20412,59,2888,1499,1375,23,9728,463,1063,3314,4103,9,640,277,321,6,2011,81,197,561,1858,9,164,179,130,1,949,52,61,313,19953,43,2822,1469,1273,20,9483,479,1076,3288,3621,7,596,257,259,5,1766,89,209,433,1881,8,180,208,125,0,953,56,78,273,19882,41,2702,1374,1209,21,9619,448,1149,3319,3517,8,562,216,253,4,1794,82,122,476,1749,7,148,179,119,4,923,50,79,240,19831,40,2535,1346,1314,15,9774,396,1121,3290,3653,4,607,211,259,4,1746,94,294,434,1924,5,150,196,117,4,998,47,68,339,19514,50,2240,1285,1287,10,10034,336,1064,3208,3647,6,544,212,212,2,1850,72,245,504,1917,5,179,185,101,1,960,45,75,366,19334,122,2130,1311,1392,16,10292,0,1042,3029,3255,27,533,181,173,8,1701,0,255,377,1883,25,165,189,91,8,1007,0,88,310,19397,55,1842,1278,715,15,11112,148,1331,2901,3393,10,371,167,150,5,1989,43,154,504,1975,8,132,170,85,4,1106,40,89,341
104179,University of Arizona,33694,391,1841,1303,8656,91,17267,1516,275,2354,7753,93,408,344,1976,18,4011,392,48,463,2061,41,69,88,652,6,957,90,20,138,33331,382,1890,1255,8378,92,17381,1437,283,2233,8036,99,436,345,1966,20,4237,378,48,507,1955,29,58,96,600,8,961,79,18,106,32987,377,1822,1163,8310,89,17475,1372,317,2062,7742,105,443,318,1945,25,4148,359,56,343,2049,40,77,97,647,7,1000,88,23,70,31670,337,1770,1056,7714,68,17273,1315,330,1807,6881,79,411,257,1765,12,3655,318,55,329,1984,34,77,83,553,2,1067,72,25,71,31565,338,1752,1016,7243,68,17789,1308,419,1632,7401,58,422,281,1816,18,4045,301,64,396,1964,39,81,77,501,8,1040,83,41,94,30665,356,1732,992,6637,54,17981,1207,439,1267,7300,70,420,275,1756,17,4150,309,54,249,1843,27,73,76,504,6,993,61,36,67,30592,375,1559,969,6051,47,18585,1196,687,1123,7025,73,334,249,1581,21,4070,336,151,210,1875,21,58,62,459,6,1041,90,69,69
106397,University of Arkansas,22548,243,551,1074,1831,19,17205,751,117,757,4972,39,125,195,422,5,3913,189,32,52,1361,20,21,83,129,0,960,50,13,85,22159,245,551,1052,1660,18,16988,721,95,829,4918,48,112,211,384,4,3837,199,22,101,1386,20,35,72,163,0,953,56,9,78,21836,254,546,1080,1496,19,16863,682,86,810,4571,57,110,221,328,7,3608,149,22,69,1312,14,35,88,132,2,915,44,9,73,21009,254,496,1024,1345,15,16464,673,60,678,4339,43,92,200,320,4,3457,146,20,57,1282,21,34,67,124,0,923,40,6,67,20350,269,524,1031,1158,17,16063,612,65,611,4574,52,98,243,271,3,3698,147,18,44,1363,21,27,62,112,2,1015,35,6,83,19027,269,487,952,955,19,15172,532,54,587,4447,45,102,233,240,3,3585,179,5,55,1437,21,28,74,118,2,1068,51,1,74,17247,280,428,834,780,17,13891,372,72,573,3810,52,83,186,187,1,3108,145,4,44,1234,25,29,48,75,4,941,51,1,60
110635,University of California-Berkeley,29310,64,10387,576,4294,46,7715,1252,1203,3773,6182,18,2630,111,857,12,1582,78,323,571,2468,13,585,77,476,7,731,41,84,454,27496,45,9697,583,3875,71,7394,1298,762,3771,5550,13,2150,100,706,12,1390,287,204,688,2170,6,455,53,357,7,691,97,43,461,27126,43,9519,567,3754,72,7480,1277,689,3725,5466,11,2043,104,758,13,1423,250,139,725,2187,8,496,54,361,4,629,101,44,490,25951,31,9066,573,3425,73,7413,1175,788,3407,4706,3,1703,85,559,13,1202,188,113,840,2241,1,487,56,350,5,660,105,57,520,25774,67,9300,628,3320,74,7673,954,1010,2748,4162,4,1634,97,513,12,1069,205,88,540,2182,6,483,40,354,6,703,95,62,433,25885,76,9512,709,3183,68,7887,661,1366,2423,4443,7,1706,82,487,12,1240,232,67,610,2336,2,482,67,366,12,837,106,47,417,25540,98,9830,777,3045,62,7765,277,1842,1844,4109,0,1499,82,426,9,1180,183,261,469,2195,0,514,54,313,9,729,94,184,298
110644,University of California-Davis,29379,54,8864,668,5940,143,7842,1525,426,3917,5762,4,1589,110,1346,26,1379,279,82,947,3627,10,939,94,737,16,1065,221,39,506,28257,50,9081,631,5295,139,7997,1481,414,3169,5369,6,1544,118,1087,23,1263,251,82,995,2928,7,779,62,514,21,934,163,28,420,27565,47,9423,581,5061,134,8173,1486,412,2248,5377,13,1766,103,1131,23,1360,259,77,645,3129,5,846,69,581,16,1027,194,34,357,26533,53,9413,562,4566,126,8281,1354,539,1639,5113,10,1678,95,931,25,1447,283,82,562,3087,7,885,62,541,17,1070,178,33,294,25666,78,9494,586,4206,119,8302,1069,720,1092,5208,7,1913,114,903,29,1591,273,71,307,2869,8,910,62,428,16,1001,129,37,278,25038,95,9302,592,3923,113,8420,816,975,802,4705,5,1871,78,874,21,1352,258,47,199,2762,5,842,44,371,16,1059,166,53,206,24670,141,9268,659,3554,111,8463,427,1425,622,4501,5,1639,84,824,14,1385,267,203,80,2737,9,779,55,266,17,974,159,278,200
110653,University of California-Irvine,27331,10,9840,522,7203,98,3914,1004,300,4440,6551,1,2207,119,1718,17,729,268,71,1421,2465,1,814,57,584,12,540,99,34,324,25256,13,9422,468,6325,99,3770,920,270,3969,5756,4,1813,110,1565,24,678,186,52,1324,1955,1,595,49,401,3,490,70,24,322,24489,13,9964,436,5884,100,3933,1003,281,2875,5435,0,1980,94,1514,14,664,184,40,945,2024,3,624,39,450,9,528,96,26,249,23530,37,10281,442,5113,99,4091,932,432,2103,5460,8,2200,93,1350,26,677,144,85,877,1998,3,612,46,436,5,581,64,27,224,22216,38,10474,455,4381,74,4118,834,533,1309,5077,6,2224,114,1239,19,649,181,54,591,1704,5,608,33,319,7,492,59,22,159,22004,47,10738,443,3950,66,4482,672,815,791,5115,2,2362,100,1249,22,791,274,48,267,1728,3,608,44,316,7,482,84,28,156,21976,75,11103,458,3366,57,4762,337,1215,603,4411,7,2131,62,783,15,847,249,201,116,1861,1,627,26,326,5,535,88,120,133
110662,University of California-Los Angeles,30873,60,8844,986,6704,80,8346,1559,635,3659,6545,22,1852,221,1531,20,1636,374,161,728,3346,4,766,102,755,3,1017,142,61,496,29585,46,8687,883,6103,90,8028,1436,565,3747,5679,9,1725,193,1175,22,1521,294,112,628,3107,5,698,86,705,4,941,135,60,473,29633,42,8879,828,5819,96,8248,1410,575,3736,5764,11,1734,188,1183,16,1544,299,92,697,3167,9,722,85,713,6,966,135,48,483,28674,35,8883,747,5281,104,8196,1381,671,3376,5697,8,1733,171,1138,18,1571,295,113,650,2821,2,647,52,568,10,921,104,54,463,27941,50,9040,801,4896,96,8294,1154,715,2895,5620,5,1674,127,1041,18,1366,265,101,1023,3173,5,829,64,541,11,1051,133,68,471,27199,53,9229,898,4572,88,8602,883,860,2014,5825,6,1904,155,996,19,1713,306,115,611,3116,2,804,61,517,14,1076,156,65,421,26162,82,9306,963,4165,82,8477,426,1139,1522,4636,2,1544,132,773,16,1365,275,230,299,3228,2,758,72,494,11,1043,151,229,468
110671,University of California-Riverside,19799,28,6850,819,7844,90,2453,799,201,715,5358,4,1635,215,2529,31,543,214,53,134,1232,4,226,61,545,4,247,58,11,76,18607,28,6817,778,6749,73,2457,752,199,754,4044,7,1592,144,1502,21,456,183,46,93,1281,1,285,50,498,2,267,55,12,111,18790,33,6753,850,6794,70,2600,719,197,774,4281,12,1693,172,1445,17,528,158,31,225,1291,2,292,69,467,4,252,53,11,141,18621,29,6729,907,6683,72,2683,659,273,586,4203,6,1675,167,1482,17,480,159,40,177,1312,3,276,55,472,2,326,61,11,106,18539,38,6782,1064,6452,79,2812,517,360,435,4034,4,1519,192,1447,20,526,151,33,142,1235,4,290,48,433,4,274,65,12,105,18522,49,6911,1197,6201,76,2908,363,523,294,3664,2,1322,168,1468,15,472,125,23,69,1441,4,376,81,470,9,355,69,14,63,18242,59,7001,1334,5647,75,2920,195,750,261,4469,8,1645,233,1633,29,583,152,138,48,1178,4,292,78,339,3,280,43,88,51
110680,University of California-San Diego,28127,29,10142,408,4694,82,5599,1295,480,5398,5748,7,1967,87,1186,13,889,259,97,1243,2881,3,800,65,442,12,731,143,28,657,26590,31,9968,329,4143,84,5699,1261,467,4608,5292,5,1917,57,726,11,936,245,110,1285,2676,3,768,51,428,11,730,117,40,528,24810,32,9548,292,4025,84,5574,1178,423,3654,4922,3,1865,48,858,9,832,224,77,1006,2459,4,733,30,365,4,734,100,31,458,23805,31,9545,283,3765,97,5610,1133,532,2809,5228,5,2050,70,813,23,1091,248,87,841,2699,4,714,33,395,9,862,110,37,535,22676,44,9623,278,3575,92,5457,929,705,1973,4575,5,1873,51,625,23,985,262,77,674,2228,5,661,30,309,10,699,103,38,373,23046,57,10237,334,3580,82,5636,641,1058,1421,3445,2,1412,33,715,15,706,174,27,361,2795,4,792,38,450,16,925,129,59,382,23663,79,11083,351,3241,73,5841,353,1567,1075,3949,4,1929,32,605,13,785,218,182,181,2567,6,673,33,343,9,828,135,233,307
110705,University of California-Santa Barbara,21574,23,3972,453,5658,26,7213,1826,590,1813,4996,4,935,87,1277,7,1588,433,119,546,2044,1,230,48,539,1,736,163,79,247,20607,26,3956,451,5295,26,7118,1731,550,1454,4473,6,897,102,1246,5,1366,384,127,340,1541,2,210,37,360,5,576,109,41,201,20238,22,3851,434,5128,21,7394,1704,545,1139,4738,9,982,102,1245,7,1534,390,122,347,1592,2,234,34,386,1,600,101,44,190,19362,20,3414,413,4803,14,7677,1633,620,768,4624,3,817,99,1180,5,1707,435,118,260,1495,2,210,24,376,1,625,115,37,105,18977,28,3249,418,4600,18,7974,1434,704,552,4741,7,1001,96,1178,3,1702,410,116,228,1651,1,209,21,370,1,778,121,69,81,18620,47,2947,473,4459,24,8343,1067,908,352,4098,3,781,90,1044,4,1614,348,110,104,1414,4,149,12,283,0,750,76,64,76,19186,132,3222,563,4372,44,8913,387,1276,277,3720,5,542,85,911,2,1558,300,282,35,1591,6,151,22,315,1,719,87,220,70
126614,University of Colorado Boulder,27901,61,1528,454,3112,19,19172,1385,201,1969,6421,10,355,95,805,6,4256,399,15,480,1202,1,50,17,147,2,756,54,22,153,27142,76,1471,441,2855,17,19173,1244,242,1623,6213,16,337,102,728,5,4251,328,18,428,1116,5,30,13,116,1,722,49,27,153,26557,74,1422,426,2660,17,19160,1127,310,1361,5865,16,375,94,667,3,4018,291,15,386,1306,1,31,15,133,2,886,53,30,155,26096,82,1342,437,2492,16,19311,953,465,998,5840,8,298,123,634,3,4198,276,27,273,1290,4,39,24,120,2,879,42,47,133,25941,119,1395,398,2305,13,19528,685,697,801,5477,15,288,90,563,4,4069,244,33,171,1194,7,37,13,108,2,822,39,48,118,26530,141,1486,420,2155,10,20258,476,926,658,5704,15,261,77,580,6,4380,215,40,130,1349,4,35,14,122,1,890,47,71,165,26648,170,1571,464,1921,2,20587,243,1161,529,5191,13,263,68,485,1,4031,181,59,90,1129,6,41,26,105,1,843,34,25,48
129020,University of Connecticut,19324,30,2056,1120,1859,12,11491,542,929,1285,3822,2,402,254,471,1,2111,122,86,373,874,2,59,39,76,4,631,26,19,18,18826,31,1929,1016,1643,10,11326,518,1225,1128,3774,10,433,247,318,4,2151,100,176,335,876,1,55,28,81,1,640,32,20,18,18395,22,1798,939,1544,9,11252,489,1432,910,3588,5,448,197,355,2,2117,111,109,244,809,2,39,25,58,0,588,20,55,22,18032,25,1595,943,1397,12,11353,455,1524,728,3755,4,382,153,326,0,2278,107,364,141,785,2,25,22,56,0,515,15,134,16,17528,20,1474,967,1238,19,11232,356,1563,659,3114,2,268,202,265,2,1816,88,289,182,867,1,51,35,48,0,662,29,26,15,17815,28,1466,982,1192,18,11382,226,2014,507,3327,2,278,208,271,3,2026,73,326,140,911,3,32,46,59,0,684,19,60,8,17345,42,1411,902,1035,13,11152,124,2298,368,3339,4,293,196,239,5,2296,101,103,102,800,2,27,31,50,0,577,18,82,13
130943,University of Delaware,19215,19,989,1135,1491,14,13919,587,277,784,4381,8,237,246,382,2,3077,145,90,194,411,0,10,35,35,0,261,19,13,38,19100,17,941,1108,1414,16,14099,556,238,711,4487,7,244,251,364,4,3355,123,23,116,379,0,27,31,16,0,245,11,7,42,18951,15,860,1063,1353,21,14153,528,234,724,4521,2,221,258,358,5,3393,139,31,114,442,0,18,40,23,1,277,15,6,62,18487,14,812,1001,1270,22,13842,482,267,777,4224,3,211,261,394,2,3040,158,47,108,484,1,28,46,19,0,329,11,17,33,18202,16,712,911,1120,26,13937,375,350,755,4226,1,151,218,334,3,3298,113,23,85,495,2,14,51,25,0,346,8,5,44,17872,20,698,879,1031,31,13736,290,456,731,4254,1,151,130,302,7,3396,104,29,134,508,1,11,43,30,1,345,16,7,54,17507,30,717,975,971,32,13450,191,551,590,3746,2,160,164,204,6,2881,89,52,188,486,0,14,41,20,1,341,9,15,45
134130,University of Florida,34554,67,2808,2130,7352,186,19165,1098,962,786,6833,8,673,401,1313,11,3806,305,166,150,1841,11,82,115,480,5,963,19,94,72,33402,65,2656,2133,6956,179,18867,987,906,653,6875,8,646,421,1415,15,3853,261,165,91,1794,8,72,124,480,8,953,15,69,65,32829,83,2527,2193,6537,196,18877,942,909,565,6504,6,601,362,1310,8,3778,206,170,63,1648,16,72,103,401,7,899,25,72,53,33168,88,2486,2439,6273,231,19290,930,916,515,6370,4,559,395,1215,6,3763,220,155,53,1806,17,70,115,417,2,1000,22,108,55,32776,94,2551,2631,6002,184,19149,857,871,437,6290,6,565,420,1167,9,3725,203,144,51,1841,18,90,112,438,7,1055,21,58,42,32598,107,2646,2830,5658,117,19196,727,926,391,6429,12,567,603,1123,13,3725,214,134,38,1784,13,91,82,414,4,1071,14,58,37,32660,125,2710,3068,5392,43,19110,553,1231,428,6384,11,592,566,1062,13,3718,223,149,50,1716,5,80,91,359,0,1045,36,61,39
139959,University of Georgia,27951,22,2814,2124,1587,28,19604,1034,213,525,5433,7,667,440,313,4,3692,197,25,88,1535,1,115,115,107,0,1086,60,20,31,27547,24,2615,2049,1494,32,19521,1015,227,570,5274,6,573,396,299,6,3638,215,52,89,1534,3,98,83,104,1,1140,58,15,32,26882,24,2465,2007,1409,32,19377,878,220,470,5261,6,547,383,265,7,3713,176,58,106,1372,0,98,102,76,2,992,54,16,32,26278,24,2346,1940,1364,29,19142,785,283,365,5237,3,524,379,287,6,3737,207,0,94,1292,1,84,88,77,0,982,34,6,20,26259,31,2193,1901,1248,26,19470,648,412,330,4935,3,518,335,246,9,3592,158,4,70,1332,1,75,63,75,0,1019,40,33,26,26373,42,2044,1933,1126,17,19934,518,510,249,5482,3,479,456,291,3,4023,174,7,46,1340,2,73,82,78,2,1023,40,15,25,25947,45,1907,1780,920,14,19992,325,742,222,4679,4,426,343,200,7,3352,150,168,29,1313,1,62,72,72,1,1007,28,53,17
145637,University of Illinois at Urbana-Champaign,33932,22,6089,1975,3480,24,15653,999,165,5525,7592,3,1488,548,934,2,3328,225,22,1042,1380,3,119,68,152,5,735,41,6,251,33368,22,5757,1801,3133,25,15905,950,256,5519,7562,5,1453,475,813,5,3416,231,55,1109,1381,4,120,58,134,0,752,40,14,259,32959,19,5319,1752,2839,37,16538,870,226,5359,6937,6,1353,356,720,5,3198,188,46,1065,1331,0,104,66,100,4,739,30,17,271,32695,19,4932,1781,2657,48,17176,816,235,5031,7329,5,1245,433,744,7,3471,215,38,1171,1343,0,114,59,97,1,749,29,16,278,32281,32,4613,1760,2400,57,17998,705,212,4504,6921,4,1203,412,624,11,3528,192,33,914,1350,4,103,68,101,4,785,29,15,241,32256,39,4340,1777,2250,54,18727,639,233,4197,7252,3,1104,401,538,9,3992,192,49,964,1398,3,112,57,91,7,803,17,22,286,31540,46,4119,1800,2163,56,19021,561,266,3508,6929,6,980,359,508,26,3945,144,54,907,1168,1,109,36,60,2,695,15,7,243
153658,University of Iowa,24476,39,982,816,1815,23,16783,681,803,2534,5641,11,240,181,459,5,4084,199,37,425,1265,6,43,60,75,1,973,36,17,54,23357,35,870,750,1669,23,15742,605,1012,2651,5239,10,223,211,477,2,3508,158,36,614,1056,1,35,37,77,0,793,31,26,56,22354,32,710,648,1416,22,15222,520,1289,2495,4666,4,178,167,395,6,3122,136,86,572,1172,0,34,37,72,0,911,35,25,58,21974,40,671,594,1270,19,15680,519,922,2259,4460,7,144,145,327,5,3083,136,142,471,1140,2,24,31,67,2,838,33,75,68,21999,48,688,557,1166,25,16261,333,869,2052,4470,9,158,142,305,3,3219,107,128,399,1258,2,32,41,72,0,982,16,63,50,21564,63,686,533,1015,32,16340,261,900,1734,4565,7,122,119,305,7,3283,88,150,484,1272,2,35,35,59,2,990,21,65,63,21176,78,716,512,808,28,16699,186,866,1283,4557,9,136,111,231,6,3435,83,158,388,1164,4,23,28,45,1,897,11,75,80
155317,University of Kansas,19262,79,890,799,1459,6,13651,947,175,1256,4233,14,189,182,367,3,3052,213,17,196,1245,10,59,78,127,1,840,57,19,54,19245,75,844,785,1375,8,13738,943,200,1277,4187,15,180,179,336,0,2937,222,29,289,1216,4,61,65,101,0,861,71,14,39,19343,85,792,893,1299,20,13969,874,173,1238,4084,11,175,247,304,6,2947,222,25,147,1323,9,61,88,108,0,907,67,32,51,19217,100,745,772,1209,18,14141,799,148,1285,4000,15,156,200,292,3,2981,204,32,117,1421,12,61,86,107,2,1008,68,24,53,19169,108,719,717,1132,13,14404,732,121,1223,3771,10,148,146,265,1,2829,235,17,120,1509,13,57,86,133,1,1072,71,18,58,19695,116,717,739,1039,15,15157,575,136,1201,3580,19,133,172,212,3,2778,162,16,85,1495,12,46,81,107,1,1151,44,15,38,20343,140,794,691,978,11,15890,436,205,1198,3702,13,140,130,194,2,2861,132,8,222,1516,12,50,76,123,2,1114,66,11,62
157085,University of Kentucky,22621,37,574,1763,997,21,17065,826,663,675,5117,8,128,481,246,1,3809,213,162,69,897,2,11,64,31,2,714,22,23,28,22705,41,567,1701,954,26,17221,769,641,785,5211,14,122,420,265,3,3935,241,114,97,935,0,24,54,35,2,733,23,28,36,22223,37,565,1690,845,26,16943,684,622,811,5185,11,143,429,246,10,3913,188,114,131,1026,2,14,52,43,4,797,32,34,48,21441,38,534,1657,705,14,16626,602,658,607,4684,3,123,427,200,2,3492,195,147,95,1100,6,19,85,43,4,834,39,36,34,20827,36,488,1560,573,12,16545,445,642,526,4647,12,98,411,167,1,3533,162,154,109,1118,4,17,62,45,1,871,37,33,48,20099,39,478,1497,453,9,16297,286,628,412,4139,6,78,346,115,4,3342,128,64,56,1112,3,27,70,42,1,847,31,39,52,19927,37,476,1438,373,7,16397,138,703,358,4328,5,120,363,111,4,3421,108,149,47,1118,1,17,53,37,1,882,15,60,52
163286,University of Maryland-College Park,28472,30,4655,3669,2775,19,14324,1205,484,1311,4577,5,783,555,398,1,2358,211,72,194,2171,1,292,326,292,2,993,92,22,151,27443,36,4452,3499,2562,20,14175,1114,466,1119,3966,5,724,477,366,5,2065,165,61,98,2071,6,279,284,240,2,973,95,23,169,27056,36,4299,3447,2490,21,14086,1073,582,1022,4155,4,725,523,360,7,2135,196,43,162,2004,5,274,268,227,1,954,104,27,144,26658,33,4117,3326,2335,21,14226,956,785,859,4020,0,682,521,391,2,2059,158,63,144,2022,3,311,255,231,3,1004,83,20,112,26538,35,3957,3220,2102,27,14684,851,863,799,3903,5,608,554,334,0,2103,138,56,105,1854,5,243,232,198,3,950,71,35,117,26826,40,3978,3256,2022,35,15055,813,900,727,3992,5,546,574,359,2,2114,155,126,111,1927,2,241,220,173,1,1017,68,82,123,26922,47,4012,3195,1927,37,15468,745,858,633,3929,7,561,508,297,0,2171,121,189,75,1899,4,214,209,192,4,1013,80,80,103
166629,University of Massachusetts-Amherst,23373,27,2277,896,1344,10,15219,623,1748,1229,4679,4,583,177,282,2,2855,132,264,380,1533,4,80,100,138,1,994,36,139,41,22748,27,2041,851,1205,9,15151,609,1876,979,4702,4,504,143,293,3,3048,124,263,320,1393,3,71,87,110,0,902,35,133,52,22252,32,1841,836,1074,10,15033,539,2206,681,4694,1,513,153,224,0,3314,128,173,188,1458,4,74,94,80,1,971,35,158,41,22134,31,1702,795,1061,16,14699,512,2781,537,4686,5,408,148,220,3,3089,135,498,180,1468,3,68,88,92,0,931,43,205,38,21928,32,1634,773,1045,15,14883,464,2665,417,4679,3,380,152,220,0,3236,113,471,104,1380,4,58,80,84,2,879,25,225,23,21812,37,1608,774,1056,17,14915,451,2576,378,4777,4,370,140,234,2,3254,105,576,92,1371,3,71,58,84,0,895,23,216,21,21373,55,1580,778,1030,26,14877,455,2268,304,4563,3,324,134,203,2,2973,101,765,58,1386,3,59,61,70,3,870,17,275,28
220862,University of Memphis,17183,43,581,6268,821,18,8472,656,118,206,2743,11,92,994,157,0,1270,128,51,40,1395,1,37,543,69,0,671,40,14,20,16644,37,491,6076,713,21,8411,594,118,183,2105,6,70,687,126,0,1055,98,36,27,1353,4,27,524,52,1,679,44,2,20,17073,42,469,6218,652,23,8545,546,390,188,2319,4,75,712,123,6,1259,101,13,26,1454,2,30,604,47,3,706,42,0,20,17223,43,479,6578,583,19,8774,498,85,164,2078,5,76,644,107,2,1146,85,1,12,1441,5,15,559,53,2,754,39,0,14,17653,45,480,6927,510,20,8879,483,158,151,2181,8,59,776,87,1,1148,81,3,18,1554,5,36,619,45,1,778,53,1,16,17975,46,440,7484,461,21,8727,397,259,140,2577,10,69,1066,106,7,1181,97,21,20,1682,3,20,736,47,3,814,40,3,16,17525,37,469,7068,398,13,8776,255,368,141,2437,8,81,1052,88,4,1119,57,5,23,1556,1,24,697,46,1,755,22,1,9
170976,University of Michigan-Ann Arbor,28983,45,3931,1255,1495,10,17630,1098,1458,2061,6689,5,1078,293,428,4,4123,326,112,320,1060,2,96,35,53,0,487,25,46,316,28312,53,3595,1216,1300,10,17370,969,1840,1959,6071,9,821,298,344,1,3729,251,374,244,888,2,56,26,42,0,385,12,42,323,28395,44,3570,1166,1209,12,17531,897,2013,1953,6505,9,955,240,280,2,4287,222,254,256,929,4,50,29,53,0,416,30,46,301,28283,44,3453,1226,1164,10,17672,872,1888,1954,6200,7,769,246,280,3,3924,206,516,249,966,5,51,28,39,0,392,24,81,346,27979,45,3379,1228,1127,12,18061,883,1440,1804,6171,14,796,271,228,4,3922,184,496,256,905,1,49,23,24,0,381,26,93,308,27407,42,3239,1212,1123,11,18038,912,1175,1655,6250,5,816,276,267,5,3888,195,572,226,874,3,38,27,30,0,435,14,54,273,27027,49,3125,1214,1167,6,17970,912,940,1644,6496,11,885,283,275,0,4511,211,55,265,928,3,58,22,28,1,502,25,22,267
174066,University of Minnesota-Twin Cities,34870,93,3181,1470,1234,34,23379,1218,1161,3100,5880,16,630,197,225,5,4180,237,48,342,2496,11,166,189,107,6,1495,106,16,400,34071,79,2992,1372,1169,21,23070,1159,964,3245,5771,9,544,200,207,4,4230,237,28,312,2352,9,149,129,96,3,1443,71,30,422,34351,86,2997,1343,1080,23,23343,1085,1183,3211,5530,15,548,184,182,1,4032,212,19,337,2357,4,153,156,95,3,1414,89,19,424,34449,95,2920,1330,1026,25,23755,1063,1162,3073,5544,6,516,175,173,1,4175,207,8,283,2525,8,129,139,97,1,1551,83,29,488,34469,116,2876,1289,954,35,24103,946,1215,2935,5514,13,555,149,162,8,4128,194,20,285,2106,11,117,98,67,4,1365,68,23,353,34812,149,2859,1413,951,40,24575,803,1400,2622,5368,11,491,156,151,4,4039,187,19,310,2046,9,95,102,74,2,1356,64,34,310,33607,194,2900,1497,880,42,24051,597,1349,2097,5323,16,461,191,140,5,4082,153,30,245,2220,14,108,124,68,2,1551,52,74,227
176017,University of Mississippi,19213,56,315,2486,626,15,14823,415,8,469,3962,14,58,436,164,2,3158,88,0,42,1628,3,19,296,48,2,1182,57,2,19,18785,63,305,2515,533,18,14472,377,10,492,3966,15,71,389,143,2,3221,88,0,37,1676,5,24,296,44,2,1255,29,4,17,18101,52,287,2592,508,20,13802,354,29,457,3809,14,57,445,114,4,3042,91,3,39,1486,4,22,243,44,1,1117,35,12,8,16677,43,262,2563,454,16,12629,293,9,408,3582,9,49,491,115,6,2788,70,0,54,1228,3,19,212,26,1,924,28,4,11,16060,51,250,2693,417,19,11968,256,9,397,3373,8,48,510,103,8,2568,91,0,37,1257,5,13,257,32,1,913,19,4,13,15346,54,226,2586,361,17,11533,187,28,354,3569,10,42,563,114,1,2738,65,5,31,1318,2,16,297,30,1,923,17,7,25,14159,51,208,2312,268,17,10830,154,28,291,3095,11,51,538,84,1,2342,45,1,22,1357,3,14,276,28,2,994,13,9,18
178396,University of Missouri-Columbia,25877,51,605,2003,964,12,20256,798,174,1014,4772,13,112,294,193,2,3820,179,37,122,918,0,22,66,42,2,677,25,14,70,27791,49,657,2256,993,13,21752,824,151,1096,6191,17,154,509,260,3,4851,217,15,165,1107,3,15,69,48,0,862,30,6,74,27642,48,643,2268,960,14,21793,764,161,991,6515,9,162,552,237,2,5149,204,21,179,1178,4,24,80,39,1,890,31,7,102,26928,66,613,2202,891,14,21418,679,217,828,6194,14,134,582,244,1,4807,208,26,178,1127,4,21,62,27,1,903,27,9,73,26960,84,621,2170,823,13,21552,554,345,798,6501,14,131,657,232,5,5084,210,33,135,1310,3,24,70,48,1,1041,39,14,70,25992,93,618,1994,729,11,21036,372,452,687,6138,12,151,535,222,4,4923,168,42,81,1352,7,21,72,43,2,1086,27,8,86,24834,110,585,1805,636,5,20383,219,569,522,6089,17,126,532,210,3,4965,146,37,53,1213,1,28,59,24,2,1001,32,17,49
181464,University of Nebraska-Lincoln,20833,34,529,584,1193,15,15826,625,281,1746,4860,16,120,149,352,3,3673,193,48,306,905,0,20,35,50,2,619,27,9,143,20182,39,492,535,1088,15,15559,567,351,1536,4628,7,113,158,304,3,3629,156,57,201,923,3,20,23,61,0,658,21,8,129,19979,39,474,504,978,14,15552,514,389,1515,4652,6,126,138,288,2,3681,143,76,192,980,3,14,26,55,2,723,27,15,115,19376,52,434,465,904,12,15505,461,382,1161,4420,7,108,138,256,3,3562,125,54,167,995,4,21,31,49,0,724,31,12,123,19103,57,429,426,827,15,15522,380,465,982,3937,10,94,99,191,6,3182,129,112,114,1030,5,17,30,64,2,745,30,22,115,19345,66,416,464,817,13,15935,274,545,815,4093,12,85,104,225,3,3343,95,163,63,1033,5,19,28,42,0,796,24,21,98,19383,67,413,456,750,16,16204,215,541,721,4075,13,72,110,164,2,3536,82,26,70,1021,5,21,35,45,1,791,14,9,100
199120,University of North Carolina at Chapel Hill,18522,100,1905,1482,1412,13,11626,797,723,464,4228,21,448,345,295,0,2661,177,192,89,815,3,66,63,105,0,463,49,25,41,18415,105,1841,1491,1386,20,11672,800,631,469,4076,22,441,300,286,4,2565,166,172,120,850,4,60,52,113,1,515,31,35,39,18350,97,1717,1543,1351,29,11903,776,460,474,3976,21,424,329,301,2,2506,188,109,96,884,5,48,49,113,0,555,39,29,46,18370,87,1615,1567,1299,26,12120,684,496,476,3946,22,405,303,277,2,2501,162,194,80,876,3,60,71,90,0,523,43,28,58,18503,104,1525,1628,1539,9,12203,583,422,490,3915,23,390,304,232,1,2626,176,87,76,845,1,44,49,90,1,532,25,22,81,18430,111,1351,1704,1688,48,12103,443,491,491,4026,24,345,361,253,2,2782,144,26,89,791,1,38,56,75,0,485,30,28,78,18579,120,1074,1700,1983,178,12252,311,552,409,3960,19,332,354,277,2,2771,118,14,73,922,5,60,54,67,0,595,30,8,103
207500,University of Oklahoma-Norman Campus,21609,856,1330,1038,2014,23,13099,1654,460,1135,4198,179,275,200,386,2,2594,356,77,129,1133,68,49,61,142,2,667,84,18,42,21297,825,1272,1020,1897,29,12924,1558,610,1162,4200,163,274,181,360,5,2625,345,111,136,1101,47,43,71,126,4,646,78,26,60,21011,817,1228,957,1865,23,12971,1471,479,1200,4176,155,263,167,352,1,2672,353,64,149,1144,74,51,61,129,2,672,73,24,58,20985,864,1171,1015,1842,37,12926,1337,728,1065,4052,140,222,166,466,5,2534,323,59,137,1173,61,55,62,111,6,692,84,40,62,21109,960,1150,1103,1556,41,13293,1095,961,950,4138,158,228,213,343,5,2668,330,39,154,1337,70,58,82,134,4,818,79,36,56,20495,1064,1129,1057,1180,40,13135,765,1352,773,4053,157,202,183,318,9,2737,277,47,123,1368,85,57,84,104,6,857,87,38,50,19779,1145,1117,1053,878,25,12633,420,1827,681,3724,143,207,183,419,2,2146,212,327,85,1365,81,58,72,107,2,872,71,54,48
209551,University of Oregon,20049,109,1123,411,2207,88,11759,1427,353,2572,4041,21,232,109,524,26,2447,331,63,288,1311,12,52,27,169,7,751,78,31,184,20538,102,1150,398,2065,91,12210,1362,318,2842,4133,16,238,75,530,20,2542,286,48,378,1440,6,65,24,166,8,783,90,24,274,20559,117,1103,412,1831,86,12678,1280,324,2728,3961,23,255,86,393,17,2391,307,38,451,1363,15,59,21,139,6,803,64,30,226,20797,109,1073,410,1677,99,13289,1210,294,2636,3959,21,225,87,416,20,2450,286,34,420,1498,7,55,22,144,3,862,75,53,277,20809,132,1113,392,1462,122,13909,1051,392,2236,4031,25,227,87,372,16,2563,296,17,428,1613,13,58,24,113,7,991,77,34,296,20623,156,1079,390,1265,148,14420,801,647,1717,4167,22,222,92,344,24,2908,273,20,262,1516,9,53,21,111,11,974,61,22,254,19528,178,1055,368,929,150,13967,776,709,1396,3978,22,224,86,301,20,2851,231,30,213,1568,16,62,26,100,4,1007,62,50,241
215293,University of Pittsburgh-Pittsburgh Campus,19123,14,1888,1014,669,8,13876,717,222,715,3954,4,465,234,156,0,2710,183,46,156,817,0,31,47,41,1,634,28,9,26,18908,14,1700,934,601,10,14055,652,212,730,4014,3,411,179,146,3,2903,159,50,160,856,1,40,55,38,1,637,44,16,24,18757,10,1582,952,530,10,14181,581,208,703,3847,2,420,182,126,3,2837,132,41,104,881,0,35,56,32,0,671,31,17,39,18615,8,1400,1012,482,10,14302,527,257,617,3854,2,433,206,111,2,2822,130,36,112,887,0,29,39,29,0,728,21,14,27,18429,11,1182,1087,442,11,14313,482,341,560,3640,3,298,181,99,1,2831,123,18,86,924,0,35,55,33,1,710,22,25,43,18427,11,1096,1194,389,16,14343,378,513,487,3718,0,301,199,84,2,2867,113,31,121,955,2,33,56,30,1,734,21,30,48,18371,9,1000,1300,336,11,14457,248,643,367,3705,0,236,238,86,3,2910,103,61,68,897,0,27,45,29,1,700,16,33,46
218663,University of South Carolina-Columbia,25556,46,702,2301,1115,31,19438,933,258,732,5110,5,148,255,218,7,4195,179,41,62,1963,6,40,346,101,1,1300,93,32,44,25237,56,689,2390,1104,28,19241,925,245,559,5199,10,162,302,213,7,4210,190,42,63,2027,3,53,352,117,3,1332,95,40,32,24866,65,653,2450,1057,27,19059,868,207,480,4980,10,142,286,192,5,4075,175,42,53,1587,7,42,271,77,2,1069,68,22,29,24180,59,546,2456,974,26,18543,776,420,380,5046,9,131,311,216,6,4085,171,80,37,1353,5,23,205,69,4,910,58,65,14,23363,58,617,2511,921,21,18079,692,74,390,4625,9,133,318,201,1,3776,145,5,37,1770,6,45,315,100,3,1207,65,9,20,22556,61,570,2469,811,27,17474,663,98,383,4636,10,117,337,169,8,3798,152,1,44,1960,7,39,386,84,2,1354,59,9,20,21385,60,537,2309,702,27,16639,621,109,381,4469,7,123,310,135,4,3706,126,6,52,1672,5,29,307,80,0,1184,46,5,16
230764,University of Utah,23789,109,1351,319,2852,104,16302,1132,540,1080,3601,12,217,44,490,24,2480,224,9,101,1893,7,58,29,229,12,1406,66,12,74,23794,119,1308,328,2582,147,16400,978,579,1353,3410,18,227,39,462,33,2345,195,18,73,1993,11,70,37,242,12,1432,94,18,77,23907,114,1293,322,2356,147,16576,850,673,1576,3151,12,212,46,438,26,2132,185,19,81,1703,10,66,22,174,8,1260,56,34,73,24492,130,1228,302,2230,144,17193,758,778,1729,3124,11,197,43,403,23,2057,166,19,205,1841,6,54,25,166,13,1418,67,27,65,24840,143,1197,316,2098,165,17922,635,760,1604,3494,11,190,36,392,32,2362,153,14,304,2017,5,56,24,199,6,1514,66,23,124,24297,148,1160,326,1784,164,17999,511,991,1214,3268,14,201,41,348,30,2250,126,36,222,2183,15,54,33,163,12,1682,64,28,132,23371,148,1094,309,1436,147,17730,355,1271,881,3110,18,169,46,243,27,2228,119,37,223,2166,13,58,29,144,13,1712,56,30,111
234076,University of Virginia-Main Campus,16331,17,2094,1054,1025,8,9712,718,927,776,3712,6,521,273,240,3,2131,146,221,171,667,2,67,36,60,1,384,32,49,36,16736,29,2020,1020,971,8,10165,730,934,859,3701,6,515,244,215,1,2114,160,256,190,655,1,59,41,48,0,402,31,41,32,16483,30,1952,994,953,7,10108,715,822,902,3724,1,483,237,244,2,2262,180,168,147,665,0,69,46,50,0,397,30,25,48,16087,32,1878,994,882,9,9829,658,864,941,3534,3,416,207,202,1,2149,155,200,201,671,0,71,40,45,0,406,33,48,28,15822,22,1808,1008,868,12,9431,602,1104,967,3397,7,384,188,171,0,2103,151,196,197,599,1,49,35,47,1,369,29,37,31,15762,25,1831,1122,824,19,9407,450,1096,988,3434,4,462,218,206,1,2086,157,78,222,621,1,45,35,45,1,389,24,35,46,15595,27,1792,1232,748,34,9381,275,1186,920,3243,3,446,224,174,0,1890,129,169,208,631,2,75,37,23,1,380,34,26,53
236948,University of Washington-Seattle Campus,30933,132,7506,807,2314,141,12709,2116,806,4402,6475,28,1723,163,555,27,2525,501,52,901,1508,5,295,78,139,5,691,106,18,171,31063,135,7266,777,2227,142,13031,2007,942,4536,6805,25,1707,148,505,33,2758,466,43,1120,1785,12,280,61,135,7,836,88,38,328,30672,151,7062,768,2113,136,13074,1907,1119,4342,6272,34,1576,149,430,20,2630,451,62,920,1927,13,276,55,171,12,914,84,25,377,29756,192,7098,783,2023,140,12958,1501,1011,4050,6203,24,1510,121,454,24,2620,431,48,971,1503,10,251,55,104,6,750,85,28,214,29475,266,7179,779,1928,165,13010,1028,1537,3583,6003,14,1468,121,403,27,2440,441,67,1022,1774,14,244,61,144,11,825,83,27,365,29022,403,7690,953,1797,228,13564,0,1430,2957,5822,77,1574,190,380,54,2464,0,40,1043,2001,26,314,74,129,20,1023,0,38,377,29307,403,7752,966,1724,194,13955,1,2281,2031,5502,103,1587,167,360,34,2527,0,160,564,1623,17,259,50,99,10,758,0,59,371
240444,University of Wisconsin-Madison,30958,57,1821,666,1498,32,22898,994,101,2891,6430,11,401,135,355,7,4694,261,12,554,1093,5,65,13,56,1,750,27,3,173,30991,64,1718,656,1448,40,23274,906,114,2771,6269,13,339,127,296,7,4754,225,8,500,1272,4,61,12,58,1,923,30,3,180,30694,67,1675,662,1450,37,23301,825,109,2568,6264,10,351,135,328,8,4852,180,20,380,771,3,29,14,39,2,610,24,3,47,30728,70,1691,679,1396,36,23393,791,139,2533,6339,12,368,147,312,6,4911,174,15,394,1092,3,40,18,47,1,819,18,2,144,30301,71,1668,660,1340,43,23277,732,259,2251,6279,8,327,102,273,10,4774,168,8,609,1227,3,48,21,46,2,997,33,3,74,29880,83,1593,699,1283,31,23149,617,453,1972,5828,13,343,120,313,7,4605,165,7,255,1326,4,45,18,63,0,1065,29,1,101,30170,119,1640,745,1155,27,23336,451,793,1904,5927,17,344,120,226,9,4681,144,14,372,1304,5,59,13,48,1,1033,25,5,115
221999,Vanderbilt University,6871,31,853,633,629,13,3532,336,353,491,1601,10,221,171,167,5,759,85,62,121,218,0,15,8,14,0,143,11,12,15,6883,26,793,576,581,7,3772,325,336,467,1607,6,215,155,162,4,770,80,94,121,210,0,24,6,8,0,130,8,9,25,6851,21,688,551,549,5,3979,331,300,427,1605,6,203,153,150,2,859,69,51,112,207,1,25,9,8,0,124,6,16,18,6835,26,576,545,538,4,4122,332,287,405,1613,10,168,139,136,3,857,85,118,97,206,0,16,3,7,0,124,5,28,23,6796,18,545,516,540,3,4228,314,241,391,1608,4,148,127,122,0,1012,77,23,95,195,0,17,3,7,0,137,7,9,15,6817,22,505,508,526,4,4257,280,350,365,1601,2,125,128,124,0,1006,89,34,93,198,0,14,5,11,0,122,11,25,10,6879,24,476,548,506,6,4381,230,374,334,1600,9,99,143,144,1,1006,84,24,90,208,0,15,5,11,0,136,10,13,18
233921,Virginia Polytechnic Institute and State University,25791,43,2573,1022,1533,32,17137,1156,755,1540,5929,8,626,250,380,6,3905,266,190,298,1012,0,98,48,75,3,655,47,21,65,25384,37,2367,952,1389,26,17167,1131,814,1501,6324,8,599,236,369,5,4151,277,241,438,979,2,107,36,66,2,620,51,27,68,24247,37,2225,873,1282,32,16872,1041,764,1121,5494,8,552,210,296,10,3627,251,236,304,958,3,85,36,57,0,634,51,26,66,24034,38,2030,834,1226,31,17214,966,706,989,5364,9,457,184,288,10,3798,227,189,202,995,1,92,37,70,0,668,37,21,69,23859,48,2000,824,1146,23,17445,844,723,806,5487,8,465,166,265,6,3816,239,221,301,997,1,91,37,54,1,650,42,48,73,23700,57,1921,879,1035,15,17741,612,824,616,5221,8,455,206,251,4,3756,210,211,120,945,2,70,31,66,0,654,39,36,47,23690,57,1874,880,898,12,17878,401,1181,509,5205,9,377,160,229,8,4014,214,93,101,997,1,74,37,50,1,710,39,39,46
